district,state,crop,year,season,rainfall_mm,temperature_avg_c,soil_type,irrigation_pct,fertilizer_kg_per_ha,msp_inr_per_quintal,yield_kg_per_ha
Meerut,Uttar Pradesh,Rice,2020,Kharif,994.8,28.7,Alluvial,78.9,75.0,1868,2321.8
Mysore,Karnataka,Sugarcane,2015,Kharif,914.1,26.6,Red,45.4,202.9,2100,40000.0
Jodhpur,Rajasthan,Rice,2020,Kharif,248.1,28.9,Alluvial,39.3,108.2,1868,1500.0
Nagaon,Assam,Sugarcane,2021,Kharif,1990.2,25.5,Alluvial,40.2,92.6,2900,40000.0
Karnal,Haryana,Rice,2021,Kharif,236.5,28.1,Desert,81.5,221.1,1940,1500.0
Meerut,Uttar Pradesh,Rice,2017,Kharif,1064.5,23.6,Alluvial,76.2,180.0,1550,2331.6
Indore,Madhya Pradesh,Rice,2011,Kharif,1111.2,28.4,Alluvial,43.2,192.6,1080,2383.9
Nagaon,Assam,Rice,2022,Kharif,2309.5,24.2,Laterite,49.1,201.8,2040,1500.0
Ahmedabad,Gujarat,Sugarcane,2022,Kharif,789.1,27.3,Black,50.0,51.4,3050,40000.0
Krishna,Andhra Pradesh,Sugarcane,2012,Kharif,1145.6,28.8,Red,52.9,265.8,1700,42104.2
Amritsar,Punjab,Rice,2016,Kharif,417.2,21.0,Alluvial,94.5,209.4,1470,1584.9
Ludhiana,Punjab,Sugarcane,2014,Kharif,666.8,26.0,Alluvial,90.1,242.7,1900,40000.0
Patna,Bihar,Sugarcane,2019,Zaid,754.8,26.5,Alluvial,67.4,168.8,2750,40000.0
Karnal,Haryana,Wheat,2014,Rabi,430.5,20.8,Alluvial,83.0,285.7,1400,2962.2
Thanjavur,Tamil Nadu,Wheat,2021,Rabi,1274.6,29.4,Alluvial,82.1,131.1,1975,1800.0
Jodhpur,Rajasthan,Sugarcane,2023,Kharif,527.5,24.1,Desert,35.5,265.2,3150,40000.0
Gorakhpur,Uttar Pradesh,Sugarcane,2018,Zaid,820.9,25.4,Alluvial,48.4,285.7,2750,40000.0
Jaipur,Rajasthan,Rice,2013,Kharif,438.6,27.8,Alluvial,36.2,224.1,1310,1771.5
Hisar,Haryana,Rice,2017,Kharif,513.3,23.8,Desert,60.3,58.3,1550,1500.0
Ludhiana,Punjab,Sugarcane,2023,Zaid,250.1,27.7,Alluvial,90.0,198.2,3150,40000.0
Jaipur,Rajasthan,Sugarcane,2010,Kharif,379.4,32.2,Alluvial,45.8,183.9,1450,40000.0
Ludhiana,Punjab,Rice,2021,Kharif,782.1,24.2,Alluvial,95.5,131.5,1940,2081.7
Cuttack,Odisha,Sugarcane,2012,Zaid,1081.3,28.2,Red,44.9,179.4,1700,40000.0
Bardhaman,West Bengal,Rice,2018,Kharif,1661.7,25.3,Laterite,46.4,215.0,1750,1623.0
Jodhpur,Rajasthan,Rice,2011,Kharif,550.1,28.5,Desert,23.5,137.3,1080,1500.0
Patiala,Punjab,Wheat,2017,Rabi,652.5,28.5,Alluvial,82.4,285.0,1625,2087.9
Coimbatore,Tamil Nadu,Wheat,2011,Rabi,136.2,28.0,Red,55.6,228.0,1120,1800.0
Mysore,Karnataka,Sugarcane,2012,Kharif,1233.8,24.1,Laterite,39.2,116.3,1700,40000.0
Lucknow,Uttar Pradesh,Wheat,2022,Rabi,1082.1,25.9,Alluvial,65.9,137.5,2015,1800.0
Kolhapur,Maharashtra,Rice,2014,Kharif,1198.4,23.9,Red,30.6,211.4,1360,1670.2
Warangal,Telangana,Wheat,2022,Rabi,1101.7,27.5,Red,40.4,282.1,2015,1800.0
Mysore,Karnataka,Sugarcane,2012,Zaid,955.2,28.9,Red,34.8,117.1,1700,40000.0
Coimbatore,Tamil Nadu,Rice,2019,Kharif,1052.0,29.5,Alluvial,52.4,203.8,1815,2437.0
Amritsar,Punjab,Sugarcane,2020,Zaid,592.9,25.4,Alluvial,94.1,225.6,2850,40000.0
Ahmedabad,Gujarat,Wheat,2016,Rabi,412.1,26.7,Black,47.0,51.3,1525,1800.0
Belgaum,Karnataka,Rice,2017,Kharif,1405.3,28.7,Laterite,33.4,143.9,1550,1514.6
Jabalpur,Madhya Pradesh,Sugarcane,2015,Kharif,1698.1,22.4,Black,46.0,265.1,2100,40000.0
Muzaffarpur,Bihar,Wheat,2015,Rabi,602.1,27.8,Alluvial,55.7,117.9,1450,1983.6
Meerut,Uttar Pradesh,Wheat,2022,Rabi,825.1,23.4,Alluvial,84.0,84.6,2015,2060.6
Coimbatore,Tamil Nadu,Wheat,2023,Rabi,967.8,28.4,Laterite,61.0,69.6,2125,1800.0
Mysore,Karnataka,Wheat,2016,Rabi,1670.0,26.3,Red,34.3,89.1,1525,1800.0
Nagaon,Assam,Wheat,2018,Rabi,1495.6,26.4,Laterite,37.9,214.3,1735,1800.0
Ahmedabad,Gujarat,Sugarcane,2012,Zaid,504.1,28.6,Alluvial,45.4,79.0,1700,40000.0
Krishna,Andhra Pradesh,Wheat,2023,Rabi,796.2,30.1,Red,60.8,149.6,2125,1800.0
Hisar,Haryana,Wheat,2013,Rabi,687.4,21.0,Desert,62.5,184.8,1350,1982.7
Guntur,Andhra Pradesh,Sugarcane,2011,Kharif,1046.3,29.9,Red,59.3,82.1,1450,41424.6
Bardhaman,West Bengal,Rice,2021,Kharif,1731.8,27.3,Laterite,45.2,118.5,1940,1500.0
Pune,Maharashtra,Wheat,2022,Rabi,1298.3,25.8,Black,46.4,146.3,2015,1800.0
Nagaon,Assam,Wheat,2012,Rabi,1751.1,24.5,Alluvial,33.7,284.2,1285,1800.0
Jodhpur,Rajasthan,Rice,2022,Kharif,275.7,26.3,Desert,29.2,194.0,2040,1500.0
Karnal,Haryana,Wheat,2010,Rabi,413.0,28.3,Desert,88.4,109.6,1100,1800.0
Jabalpur,Madhya Pradesh,Rice,2012,Kharif,1415.5,26.5,Alluvial,32.4,75.0,1250,1958.8
Ahmedabad,Gujarat,Rice,2012,Kharif,732.2,26.5,Alluvial,61.9,170.6,1250,2201.5
Guntur,Andhra Pradesh,Rice,2014,Kharif,668.3,26.7,Alluvial,50.3,286.5,1360,2242.8
Meerut,Uttar Pradesh,Rice,2014,Kharif,760.2,26.0,Alluvial,81.0,160.4,1360,2452.3
Bardhaman,West Bengal,Sugarcane,2011,Kharif,1723.9,26.7,Laterite,61.7,259.6,1450,40000.0
Gorakhpur,Uttar Pradesh,Wheat,2018,Rabi,1011.8,27.7,Alluvial,42.0,71.2,1735,1800.0
Guntur,Andhra Pradesh,Rice,2010,Kharif,861.1,29.2,Alluvial,69.7,238.3,1000,2211.5
Thanjavur,Tamil Nadu,Rice,2021,Kharif,388.9,30.9,Alluvial,68.3,158.6,1940,1500.0
Coimbatore,Tamil Nadu,Wheat,2019,Rabi,1255.6,29.9,Laterite,66.2,236.5,1840,1800.0
Nagaon,Assam,Rice,2021,Kharif,2276.1,24.4,Laterite,35.9,250.5,1940,1500.0
Nashik,Maharashtra,Rice,2014,Kharif,1141.2,27.6,Black,54.1,180.8,1360,2289.7
Pune,Maharashtra,Sugarcane,2010,Kharif,886.0,30.1,Black,31.1,120.2,1450,45053.2
Gorakhpur,Uttar Pradesh,Wheat,2021,Rabi,838.4,24.5,Alluvial,44.2,211.7,1975,1853.1
Warangal,Telangana,Wheat,2021,Rabi,471.8,28.5,Red,55.1,117.7,1975,1800.0
Patiala,Punjab,Rice,2015,Kharif,391.6,28.6,Alluvial,93.7,266.5,1410,1816.4
Jabalpur,Madhya Pradesh,Rice,2015,Kharif,1132.7,24.1,Black,34.8,257.3,1410,1905.6
Ludhiana,Punjab,Wheat,2018,Rabi,358.7,22.5,Alluvial,81.0,266.2,1735,2567.2
Hisar,Haryana,Wheat,2012,Rabi,697.1,25.9,Alluvial,68.9,144.5,1285,1998.9
Patna,Bihar,Wheat,2010,Rabi,1130.1,27.9,Alluvial,50.7,217.9,1100,1800.0
Warangal,Telangana,Sugarcane,2017,Kharif,1010.6,31.1,Red,60.8,126.9,2550,40317.2
Hooghly,West Bengal,Rice,2023,Kharif,1525.3,29.0,Laterite,47.0,155.1,2183,1664.2
Pune,Maharashtra,Wheat,2020,Rabi,1048.2,26.3,Red,54.5,202.0,1925,1800.0
Kolhapur,Maharashtra,Sugarcane,2012,Kharif,1326.1,30.4,Black,49.6,149.1,1700,54336.5
Thanjavur,Tamil Nadu,Rice,2014,Kharif,941.6,30.7,Red,72.3,114.6,1360,1668.7
Amritsar,Punjab,Wheat,2014,Rabi,412.2,22.5,Alluvial,92.5,135.4,1400,2563.8
Jabalpur,Madhya Pradesh,Sugarcane,2020,Zaid,795.7,27.7,Alluvial,33.6,274.2,2850,40000.0
Ahmedabad,Gujarat,Wheat,2022,Rabi,667.4,26.0,Black,45.8,187.2,2015,1829.2
Hooghly,West Bengal,Wheat,2023,Rabi,1617.2,24.1,Alluvial,43.0,73.1,2125,1800.0
Indore,Madhya Pradesh,Sugarcane,2017,Zaid,943.9,24.2,Black,41.9,251.6,2550,40000.0
Ahmedabad,Gujarat,Sugarcane,2017,Zaid,992.2,26.0,Alluvial,56.6,236.9,2550,40000.0
Jaipur,Rajasthan,Sugarcane,2016,Kharif,404.3,30.9,Desert,30.8,266.8,2300,40000.0
Thanjavur,Tamil Nadu,Sugarcane,2018,Kharif,943.9,28.9,Red,81.0,72.3,2750,40000.0
Jodhpur,Rajasthan,Rice,2022,Kharif,653.1,30.6,Desert,31.2,169.9,2040,1500.0
Indore,Madhya Pradesh,Wheat,2017,Rabi,1464.2,30.9,Alluvial,42.1,140.8,1625,1800.0
Amritsar,Punjab,Sugarcane,2017,Kharif,553.3,24.3,Alluvial,88.1,75.4,2550,40000.0
Jabalpur,Madhya Pradesh,Wheat,2020,Rabi,1098.7,28.5,Black,46.6,254.3,1925,1800.0
Jaipur,Rajasthan,Wheat,2012,Rabi,485.0,30.5,Desert,44.3,120.0,1285,1800.0
Lucknow,Uttar Pradesh,Wheat,2015,Rabi,718.1,27.3,Alluvial,73.4,182.5,1450,1965.0
Pune,Maharashtra,Wheat,2014,Rabi,1467.5,27.0,Black,43.3,63.0,1400,1800.0
Muzaffarpur,Bihar,Rice,2016,Kharif,749.9,27.4,Alluvial,52.1,72.0,1470,1909.4
Patna,Bihar,Rice,2018,Kharif,919.2,31.4,Alluvial,55.3,137.2,1750,1988.6
Nagaon,Assam,Wheat,2023,Rabi,1796.6,23.1,Alluvial,43.5,193.6,2125,1800.0
Gorakhpur,Uttar Pradesh,Sugarcane,2018,Kharif,802.5,25.1,Alluvial,44.1,253.6,2750,40000.0
Cuttack,Odisha,Wheat,2013,Rabi,1646.1,24.9,Laterite,55.4,159.8,1350,1800.0
Thanjavur,Tamil Nadu,Rice,2015,Kharif,302.1,30.8,Red,65.8,274.9,1410,1500.0
Pune,Maharashtra,Rice,2017,Kharif,1284.7,23.9,Red,53.5,206.9,1550,1796.1
Belgaum,Karnataka,Sugarcane,2022,Kharif,1409.1,27.6,Red,28.8,127.9,3050,40000.0
Jabalpur,Madhya Pradesh,Rice,2023,Kharif,1234.4,24.5,Black,46.9,135.5,2183,2052.2
Kolhapur,Maharashtra,Rice,2017,Kharif,1219.3,32.0,Red,33.7,107.3,1550,1547.0
Amritsar,Punjab,Sugarcane,2012,Kharif,754.7,25.3,Alluvial,92.8,256.7,1700,40764.0
Gorakhpur,Uttar Pradesh,Wheat,2015,Rabi,721.8,21.4,Alluvial,63.7,88.3,1450,2582.8
Nagaon,Assam,Wheat,2018,Rabi,2347.1,23.6,Alluvial,48.3,191.3,1735,1800.0
Jaipur,Rajasthan,Rice,2017,Kharif,580.7,30.0,Desert,45.2,156.0,1550,1500.0
Gorakhpur,Uttar Pradesh,Rice,2015,Kharif,774.5,25.0,Alluvial,44.7,259.4,1410,1963.2
Indore,Madhya Pradesh,Sugarcane,2012,Zaid,606.6,29.6,Black,43.4,250.7,1700,40000.0
Patna,Bihar,Sugarcane,2013,Kharif,711.1,22.0,Alluvial,68.0,196.8,1800,40000.0
Raipur,Chhattisgarh,Sugarcane,2015,Zaid,965.6,27.5,Red,47.9,140.6,2100,40000.0
Indore,Madhya Pradesh,Wheat,2021,Rabi,1072.0,23.2,Black,59.0,87.2,1975,1800.0
Warangal,Telangana,Sugarcane,2022,Zaid,1593.3,28.1,Black,49.9,156.7,3050,53297.9
Nagaon,Assam,Wheat,2022,Rabi,1426.5,27.2,Laterite,39.1,66.4,2015,1800.0
Kolhapur,Maharashtra,Wheat,2011,Rabi,662.9,32.6,Red,44.0,88.8,1120,1800.0
Ahmedabad,Gujarat,Sugarcane,2016,Kharif,448.1,26.1,Alluvial,58.2,250.2,2300,40000.0
Coimbatore,Tamil Nadu,Sugarcane,2022,Zaid,1216.5,27.6,Red,64.9,134.8,3050,40000.0
Thanjavur,Tamil Nadu,Rice,2021,Kharif,894.8,28.7,Alluvial,75.1,251.7,1940,2587.1
Belgaum,Karnataka,Rice,2015,Kharif,889.7,25.8,Black,25.3,71.4,1410,1553.0
Thanjavur,Tamil Nadu,Rice,2012,Kharif,499.1,31.1,Alluvial,82.8,206.2,1250,1670.3
Amritsar,Punjab,Sugarcane,2016,Kharif,640.8,20.5,Alluvial,90.3,188.0,2300,40000.0
Hooghly,West Bengal,Sugarcane,2013,Zaid,1436.5,28.1,Laterite,49.1,296.3,1800,41241.5
Krishna,Andhra Pradesh,Wheat,2012,Rabi,1426.4,28.6,Red,65.8,114.5,1285,1800.0
Bardhaman,West Bengal,Wheat,2013,Rabi,1930.9,29.2,Laterite,62.9,79.4,1350,1800.0
Lucknow,Uttar Pradesh,Wheat,2010,Rabi,886.2,20.8,Alluvial,73.0,76.6,1100,2142.9
Raipur,Chhattisgarh,Rice,2015,Kharif,1046.2,28.5,Red,41.6,93.8,1410,1889.3
Cuttack,Odisha,Rice,2021,Kharif,1274.4,29.7,Laterite,39.2,234.5,1940,1602.8
Karnal,Haryana,Sugarcane,2019,Kharif,301.9,22.8,Desert,93.7,230.4,2750,40000.0
Indore,Madhya Pradesh,Wheat,2016,Rabi,1188.1,26.9,Black,47.1,117.5,1525,1800.0
Thanjavur,Tamil Nadu,Sugarcane,2013,Kharif,1112.4,27.7,Alluvial,62.7,68.8,1800,43457.7
Jodhpur,Rajasthan,Rice,2020,Kharif,258.3,34.9,Desert,35.5,249.9,1868,1500.0
Nagaon,Assam,Wheat,2011,Rabi,1876.9,24.0,Alluvial,47.9,84.2,1120,1800.0
Jabalpur,Madhya Pradesh,Rice,2021,Kharif,1348.1,26.8,Alluvial,41.0,239.8,1940,2572.4
Guntur,Andhra Pradesh,Wheat,2017,Rabi,930.4,26.0,Alluvial,62.3,62.9,1625,1800.0
Muzaffarpur,Bihar,Sugarcane,2010,Kharif,787.3,31.7,Alluvial,42.8,80.1,1450,40000.0
Thanjavur,Tamil Nadu,Wheat,2020,Rabi,988.1,29.8,Alluvial,61.4,163.8,1925,1800.0
Meerut,Uttar Pradesh,Rice,2023,Kharif,619.0,27.0,Alluvial,72.4,69.2,2183,2124.7
Gorakhpur,Uttar Pradesh,Wheat,2016,Rabi,1188.8,22.2,Alluvial,60.1,184.6,1525,1800.0
Nashik,Maharashtra,Wheat,2010,Rabi,1293.5,28.8,Red,37.5,165.5,1100,1800.0
Raipur,Chhattisgarh,Sugarcane,2022,Kharif,1479.5,26.7,Red,49.9,137.7,3050,40650.1
Ahmedabad,Gujarat,Wheat,2014,Rabi,1449.4,26.4,Desert,55.0,72.9,1400,1800.0
Belgaum,Karnataka,Rice,2010,Kharif,965.5,27.0,Black,32.4,263.2,1000,2101.3
Hisar,Haryana,Rice,2010,Kharif,468.1,22.5,Desert,55.5,287.5,1000,1500.0
Bardhaman,West Bengal,Wheat,2016,Rabi,2292.9,26.5,Alluvial,58.6,66.2,1525,1800.0
Ahmedabad,Gujarat,Sugarcane,2015,Kharif,767.9,26.7,Black,49.7,244.9,2100,40000.0
Hisar,Haryana,Wheat,2016,Rabi,684.7,23.4,Desert,74.9,274.4,1525,1800.0
Nashik,Maharashtra,Rice,2018,Kharif,1741.6,30.6,Red,38.7,147.8,1750,1500.0
Ahmedabad,Gujarat,Rice,2012,Kharif,935.9,30.7,Black,63.4,120.3,1250,1654.8
Lucknow,Uttar Pradesh,Sugarcane,2014,Zaid,731.8,26.0,Alluvial,60.5,220.8,1900,40000.0
Krishna,Andhra Pradesh,Wheat,2017,Rabi,962.1,30.0,Alluvial,70.6,137.0,1625,1800.0
Raipur,Chhattisgarh,Rice,2022,Kharif,1344.1,30.1,Laterite,41.5,262.6,2040,1751.6
Patna,Bihar,Rice,2020,Kharif,1179.5,25.9,Alluvial,49.7,270.4,1868,2798.6
Jodhpur,Rajasthan,Sugarcane,2016,Zaid,344.5,25.5,Alluvial,37.7,50.3,2300,40000.0
Nashik,Maharashtra,Rice,2021,Kharif,1266.9,27.1,Black,28.5,144.2,1940,1893.4
Nashik,Maharashtra,Sugarcane,2015,Kharif,1287.3,30.2,Red,50.2,148.0,2100,41282.7
Hisar,Haryana,Rice,2015,Kharif,522.8,26.1,Desert,73.7,91.6,1410,1500.0
Krishna,Andhra Pradesh,Wheat,2015,Rabi,1284.6,26.2,Alluvial,71.3,297.5,1450,1800.0
Hooghly,West Bengal,Sugarcane,2012,Zaid,2069.7,27.4,Laterite,35.0,89.7,1700,40000.0
Karnal,Haryana,Rice,2012,Kharif,340.1,24.5,Alluvial,92.4,124.6,1250,1792.2
Kolhapur,Maharashtra,Wheat,2013,Rabi,751.9,28.7,Black,54.1,57.8,1350,1800.0
Kolhapur,Maharashtra,Rice,2020,Kharif,553.6,25.9,Red,52.4,107.5,1868,1500.0
Krishna,Andhra Pradesh,Rice,2017,Kharif,1216.1,28.0,Alluvial,74.2,96.4,1550,2801.8
Mysore,Karnataka,Sugarcane,2020,Zaid,981.5,27.5,Red,33.3,58.1,2850,40000.0
Patiala,Punjab,Wheat,2018,Rabi,378.9,25.5,Alluvial,86.2,106.4,1735,1860.4
Indore,Madhya Pradesh,Wheat,2014,Rabi,1285.4,25.1,Black,59.6,87.4,1400,1800.0
Nagaon,Assam,Wheat,2023,Rabi,2486.1,26.1,Laterite,44.5,59.9,2125,1800.0
Jaipur,Rajasthan,Rice,2010,Kharif,424.4,25.3,Desert,42.5,204.5,1000,1500.0
Muzaffarpur,Bihar,Wheat,2021,Rabi,1115.6,25.6,Alluvial,57.1,70.6,1975,1800.0
Cuttack,Odisha,Wheat,2016,Rabi,1458.6,25.9,Laterite,52.3,255.4,1525,1800.0
Hooghly,West Bengal,Rice,2017,Kharif,2019.8,28.9,Laterite,49.9,204.2,1550,1500.0
Patna,Bihar,Wheat,2021,Rabi,1198.3,28.2,Alluvial,65.0,134.9,1975,1800.0
Meerut,Uttar Pradesh,Sugarcane,2013,Zaid,1163.5,26.4,Alluvial,79.0,210.9,1800,45603.8
Muzaffarpur,Bihar,Wheat,2020,Rabi,1262.6,29.8,Alluvial,51.3,169.8,1925,1800.0
Thanjavur,Tamil Nadu,Sugarcane,2023,Zaid,1171.4,29.5,Red,76.5,174.5,3150,45826.7
Coimbatore,Tamil Nadu,Sugarcane,2015,Kharif,661.7,29.7,Laterite,55.5,154.6,2100,40000.0
Meerut,Uttar Pradesh,Rice,2023,Kharif,881.6,27.0,Alluvial,86.9,207.2,2183,2779.5
Nagaon,Assam,Wheat,2010,Rabi,3037.4,25.6,Laterite,43.1,171.7,1100,1800.0
Amritsar,Punjab,Wheat,2016,Rabi,628.3,20.1,Alluvial,96.9,102.7,1525,3396.4
Gorakhpur,Uttar Pradesh,Rice,2010,Kharif,980.3,24.6,Alluvial,62.7,94.9,1000,2064.6
Pune,Maharashtra,Wheat,2016,Rabi,953.7,26.7,Black,36.2,267.7,1525,1800.0
Jaipur,Rajasthan,Sugarcane,2018,Zaid,226.7,29.0,Desert,37.8,149.8,2750,40000.0
Hisar,Haryana,Sugarcane,2010,Zaid,289.6,29.3,Alluvial,61.3,109.0,1450,40000.0
Pune,Maharashtra,Wheat,2022,Rabi,1548.7,26.0,Black,41.2,197.0,2015,1800.0
Jodhpur,Rajasthan,Wheat,2013,Rabi,610.7,23.2,Desert,31.6,168.7,1350,1800.0
Hooghly,West Bengal,Sugarcane,2015,Zaid,1445.1,27.6,Laterite,36.4,182.8,2100,40000.0
Ahmedabad,Gujarat,Rice,2016,Kharif,644.0,26.7,Desert,52.9,176.8,1470,1500.0
Muzaffarpur,Bihar,Rice,2011,Kharif,1134.8,27.8,Alluvial,56.7,163.7,1080,2574.7
Coimbatore,Tamil Nadu,Sugarcane,2021,Zaid,1332.5,27.8,Alluvial,68.3,90.6,2900,45197.7
Jabalpur,Madhya Pradesh,Rice,2015,Kharif,996.6,27.0,Alluvial,41.5,294.7,1410,2437.1
Nagaon,Assam,Wheat,2011,Rabi,2385.2,25.5,Laterite,44.2,78.3,1120,1800.0
Karnal,Haryana,Rice,2010,Kharif,583.0,21.8,Alluvial,90.0,194.3,1000,1665.1
Amritsar,Punjab,Wheat,2015,Rabi,646.3,23.0,Alluvial,97.9,238.1,1450,2792.3
Patna,Bihar,Sugarcane,2013,Zaid,678.8,25.3,Alluvial,61.7,252.0,1800,40000.0
Patna,Bihar,Sugarcane,2012,Kharif,1062.5,27.2,Alluvial,58.6,51.4,1700,40000.0
Hooghly,West Bengal,Wheat,2016,Rabi,994.1,29.1,Alluvial,46.2,109.4,1525,1800.0
Hooghly,West Bengal,Wheat,2019,Rabi,1243.5,28.0,Laterite,50.5,165.9,1840,1800.0
Cuttack,Odisha,Wheat,2015,Rabi,910.8,27.8,Alluvial,44.9,187.4,1450,1800.0
Hooghly,West Bengal,Sugarcane,2020,Kharif,1518.8,29.4,Laterite,51.2,274.5,2850,43323.6
Bardhaman,West Bengal,Sugarcane,2013,Kharif,1180.7,27.4,Laterite,52.1,114.2,1800,40000.0
Raipur,Chhattisgarh,Rice,2021,Kharif,764.6,27.7,Laterite,42.9,150.0,1940,1709.7
Cuttack,Odisha,Rice,2023,Kharif,1565.0,26.0,Laterite,55.0,96.1,2183,1582.3
Krishna,Andhra Pradesh,Wheat,2022,Rabi,1341.3,28.4,Black,59.3,181.6,2015,1800.0
Nashik,Maharashtra,Sugarcane,2015,Zaid,2091.1,27.8,Red,31.4,202.7,2100,40000.0
Ahmedabad,Gujarat,Wheat,2017,Rabi,879.2,31.8,Desert,64.5,118.7,1625,1800.0
Warangal,Telangana,Sugarcane,2019,Kharif,1009.9,26.8,Black,50.6,88.2,2750,40000.0
Hooghly,West Bengal,Wheat,2010,Rabi,1544.4,27.3,Laterite,42.8,107.6,1100,1800.0
Bardhaman,West Bengal,Wheat,2018,Rabi,2037.8,25.0,Laterite,43.5,118.6,1735,1800.0
Coimbatore,Tamil Nadu,Sugarcane,2019,Zaid,1512.6,28.5,Laterite,74.8,82.1,2750,40089.4
Cuttack,Odisha,Wheat,2019,Rabi,1450.7,27.9,Red,57.4,98.0,1840,1800.0
Raipur,Chhattisgarh,Wheat,2018,Rabi,1013.7,30.7,Laterite,26.7,250.1,1735,1800.0
Mysore,Karnataka,Wheat,2017,Rabi,1248.0,31.3,Red,41.4,97.6,1625,1800.0
Hooghly,West Bengal,Wheat,2015,Rabi,2101.8,28.1,Laterite,43.3,195.1,1450,1800.0
Hisar,Haryana,Rice,2022,Kharif,371.2,26.8,Desert,60.2,155.7,2040,1500.0
Hooghly,West Bengal,Rice,2021,Kharif,1594.0,28.1,Laterite,40.9,149.8,1940,1500.0
Hisar,Haryana,Rice,2018,Kharif,415.7,25.8,Desert,52.2,238.8,1750,1500.0
Guntur,Andhra Pradesh,Wheat,2013,Rabi,650.2,27.2,Red,54.5,136.6,1350,1800.0
Ludhiana,Punjab,Sugarcane,2012,Zaid,573.2,23.8,Alluvial,95.7,90.4,1700,40000.0
Kolhapur,Maharashtra,Wheat,2021,Rabi,1065.3,27.9,Black,39.9,184.9,1975,1800.0
Nagaon,Assam,Wheat,2023,Rabi,1718.8,25.7,Alluvial,32.6,70.2,2125,1800.0
Amritsar,Punjab,Sugarcane,2011,Kharif,553.4,24.0,Alluvial,93.3,255.6,1450,40000.0
Indore,Madhya Pradesh,Rice,2013,Kharif,763.4,27.2,Alluvial,54.1,93.7,1310,2118.7
Patna,Bihar,Wheat,2018,Rabi,900.1,27.6,Alluvial,57.0,176.5,1735,1800.0
Nashik,Maharashtra,Rice,2023,Kharif,1069.2,28.3,Black,44.2,104.0,2183,1980.1
Warangal,Telangana,Sugarcane,2012,Kharif,777.8,27.9,Black,58.9,204.9,1700,40118.5
Jabalpur,Madhya Pradesh,Sugarcane,2018,Kharif,834.5,25.3,Alluvial,26.6,177.4,2750,40000.0
Krishna,Andhra Pradesh,Rice,2016,Kharif,784.0,27.7,Red,60.7,82.7,1470,1836.5
Nagaon,Assam,Rice,2012,Kharif,1532.0,22.3,Laterite,29.4,146.8,1250,1500.0
Jabalpur,Madhya Pradesh,Wheat,2023,Rabi,940.4,26.5,Black,39.6,220.2,2125,1800.0
Hisar,Haryana,Rice,2022,Kharif,498.0,26.6,Alluvial,56.6,211.5,2040,1941.4
Jabalpur,Madhya Pradesh,Rice,2019,Kharif,1255.1,23.8,Black,34.4,148.6,1815,1775.1
Mysore,Karnataka,Wheat,2022,Rabi,1248.8,27.8,Black,40.9,113.7,2015,1800.0
Cuttack,Odisha,Rice,2021,Kharif,1823.2,29.3,Alluvial,46.3,106.7,1940,1788.0
Jabalpur,Madhya Pradesh,Rice,2012,Kharif,880.8,26.3,Alluvial,27.1,229.1,1250,1971.6
Jaipur,Rajasthan,Sugarcane,2017,Kharif,197.9,25.1,Desert,54.3,285.6,2550,40000.0
Thanjavur,Tamil Nadu,Sugarcane,2019,Kharif,1376.6,29.2,Alluvial,60.5,70.5,2750,53528.9
Gorakhpur,Uttar Pradesh,Rice,2018,Kharif,649.5,25.0,Alluvial,43.0,203.8,1750,1927.3
Patna,Bihar,Rice,2019,Kharif,1340.5,26.9,Alluvial,53.1,81.3,1815,2405.0
Amritsar,Punjab,Wheat,2022,Rabi,733.4,25.3,Alluvial,95.6,214.1,2015,2214.2
Kolhapur,Maharashtra,Rice,2017,Kharif,909.8,27.4,Red,40.8,159.9,1550,1862.0
Indore,Madhya Pradesh,Wheat,2013,Rabi,988.0,25.9,Alluvial,35.3,298.1,1350,1800.0
Nagaon,Assam,Sugarcane,2016,Kharif,2120.9,22.5,Alluvial,43.9,165.1,2300,40000.0
Gorakhpur,Uttar Pradesh,Wheat,2016,Rabi,1125.0,24.4,Alluvial,46.7,184.9,1525,1800.0
Amritsar,Punjab,Rice,2014,Kharif,647.5,25.4,Alluvial,87.8,176.5,1360,2286.4
Nashik,Maharashtra,Wheat,2020,Rabi,1481.2,28.7,Black,33.9,191.3,1925,1800.0
Meerut,Uttar Pradesh,Sugarcane,2018,Zaid,661.4,25.5,Alluvial,81.2,252.9,2750,40000.0
Patiala,Punjab,Rice,2013,Kharif,524.9,21.9,Alluvial,91.0,101.0,1310,1602.8
Pune,Maharashtra,Sugarcane,2020,Kharif,854.5,30.0,Black,43.9,51.3,2850,42656.4
Indore,Madhya Pradesh,Rice,2023,Kharif,644.0,24.1,Black,56.0,167.6,2183,1559.6
Cuttack,Odisha,Sugarcane,2022,Zaid,1576.7,28.0,Alluvial,38.4,215.8,3050,43871.9
Meerut,Uttar Pradesh,Rice,2019,Kharif,594.9,28.5,Alluvial,85.9,73.2,1815,1999.6
Karnal,Haryana,Rice,2023,Kharif,430.1,25.8,Desert,88.4,190.2,2183,1500.0
Amritsar,Punjab,Wheat,2011,Rabi,513.2,24.2,Alluvial,89.2,209.1,1120,2440.1
Jaipur,Rajasthan,Rice,2021,Kharif,504.5,30.9,Desert,50.6,180.1,1940,1500.0
Nagaon,Assam,Sugarcane,2010,Kharif,1744.7,23.0,Alluvial,40.0,233.9,1450,40000.0
Warangal,Telangana,Wheat,2022,Rabi,1063.9,26.4,Red,59.6,79.6,2015,1800.0
Pune,Maharashtra,Sugarcane,2016,Kharif,1324.7,27.1,Black,30.7,56.0,2300,42413.4
Nashik,Maharashtra,Wheat,2010,Rabi,995.8,24.4,Red,30.6,250.7,1100,1800.0
Hisar,Haryana,Wheat,2019,Rabi,526.7,23.9,Desert,72.7,245.1,1840,1800.0
Patna,Bihar,Wheat,2023,Rabi,850.4,27.5,Alluvial,63.8,214.2,2125,1800.0
Nagaon,Assam,Wheat,2023,Rabi,2354.5,24.0,Laterite,31.8,239.8,2125,1800.0
Nashik,Maharashtra,Wheat,2021,Rabi,1260.9,26.7,Black,26.9,276.6,1975,1800.0
Karnal,Haryana,Wheat,2010,Rabi,478.1,25.3,Alluvial,80.3,215.9,1100,2438.7
Kolhapur,Maharashtra,Sugarcane,2014,Zaid,1370.6,28.1,Red,48.3,295.3,1900,41089.0
Patiala,Punjab,Sugarcane,2019,Kharif,390.0,30.0,Alluvial,94.4,202.1,2750,40119.6
Patna,Bihar,Rice,2011,Kharif,948.2,29.9,Alluvial,47.2,220.9,1080,2095.0
Jaipur,Rajasthan,Rice,2022,Kharif,464.3,30.1,Desert,49.8,187.2,2040,1500.0
Pune,Maharashtra,Wheat,2011,Rabi,756.8,26.9,Red,46.6,104.0,1120,1800.0
Guntur,Andhra Pradesh,Sugarcane,2022,Kharif,751.0,28.6,Red,65.2,164.8,3050,40000.0
Krishna,Andhra Pradesh,Sugarcane,2014,Zaid,1393.2,28.9,Red,50.4,81.6,1900,42322.3
Belgaum,Karnataka,Wheat,2020,Rabi,1127.5,28.6,Black,38.9,188.1,1925,1800.0
Patiala,Punjab,Rice,2019,Kharif,433.2,24.0,Alluvial,88.1,255.5,1815,1785.2
Thanjavur,Tamil Nadu,Rice,2012,Kharif,841.8,28.4,Red,74.4,208.6,1250,2013.8
Kolhapur,Maharashtra,Sugarcane,2023,Zaid,234.1,29.1,Red,49.8,129.2,3150,40000.0
Patiala,Punjab,Sugarcane,2011,Kharif,484.4,22.7,Alluvial,92.9,213.6,1450,40000.0
Karnal,Haryana,Wheat,2015,Rabi,544.2,23.5,Alluvial,94.5,154.4,1450,2973.1
Mysore,Karnataka,Wheat,2022,Rabi,1224.8,26.1,Laterite,43.2,229.8,2015,1800.0
Nagaon,Assam,Wheat,2014,Rabi,2193.5,24.6,Laterite,42.8,128.6,1400,1800.0
Kolhapur,Maharashtra,Rice,2014,Kharif,1457.9,25.9,Red,38.4,93.4,1360,1763.4
Jaipur,Rajasthan,Wheat,2023,Rabi,310.2,32.9,Alluvial,38.7,162.6,2125,1800.0
Jodhpur,Rajasthan,Sugarcane,2015,Kharif,384.5,31.7,Desert,21.3,57.8,2100,40000.0
Amritsar,Punjab,Wheat,2012,Rabi,494.2,24.5,Alluvial,87.3,263.9,1285,2409.5
Gorakhpur,Uttar Pradesh,Sugarcane,2016,Zaid,1175.2,28.0,Alluvial,52.8,126.3,2300,42151.3
Patiala,Punjab,Rice,2014,Kharif,725.0,22.7,Alluvial,93.1,108.2,1360,1983.2
Warangal,Telangana,Rice,2011,Kharif,1164.8,28.5,Black,54.0,77.7,1080,2011.4
Lucknow,Uttar Pradesh,Wheat,2013,Rabi,709.6,25.4,Alluvial,65.3,250.6,1350,2187.3
Krishna,Andhra Pradesh,Rice,2017,Kharif,1043.0,28.8,Alluvial,53.2,226.9,1550,2544.4
Patiala,Punjab,Wheat,2012,Rabi,656.6,22.7,Alluvial,80.6,268.2,1285,2701.8
Lucknow,Uttar Pradesh,Rice,2022,Kharif,876.0,25.6,Alluvial,56.2,191.8,2040,2156.6
Pune,Maharashtra,Sugarcane,2014,Kharif,1460.9,25.2,Black,31.2,275.7,1900,44695.8
Patna,Bihar,Rice,2023,Kharif,1239.8,31.1,Alluvial,66.0,121.3,2183,2146.0
Bardhaman,West Bengal,Wheat,2011,Rabi,2158.2,28.8,Laterite,60.8,199.7,1120,1800.0
Ahmedabad,Gujarat,Rice,2022,Kharif,519.9,27.7,Desert,67.3,160.8,2040,1500.0
Thanjavur,Tamil Nadu,Wheat,2013,Rabi,1174.0,30.4,Laterite,72.8,76.1,1350,1800.0
Nashik,Maharashtra,Sugarcane,2015,Zaid,1243.1,28.1,Black,54.5,117.2,2100,47032.4
Indore,Madhya Pradesh,Rice,2011,Kharif,926.9,21.6,Alluvial,57.7,109.7,1080,1724.9
Jodhpur,Rajasthan,Rice,2022,Kharif,189.1,27.8,Desert,26.2,168.6,2040,1500.0
Ahmedabad,Gujarat,Wheat,2010,Rabi,1071.1,26.6,Black,50.5,149.2,1100,1800.0
Patna,Bihar,Rice,2017,Kharif,1153.3,25.6,Alluvial,47.8,136.3,1550,2401.2
Patna,Bihar,Sugarcane,2022,Zaid,1000.2,25.8,Alluvial,54.9,155.5,3050,40000.0
Gorakhpur,Uttar Pradesh,Rice,2014,Kharif,1068.3,23.7,Alluvial,47.4,229.6,1360,2308.7
Hisar,Haryana,Rice,2020,Kharif,451.0,26.6,Desert,59.6,164.1,1868,1500.0
Thanjavur,Tamil Nadu,Sugarcane,2021,Zaid,960.6,29.1,Alluvial,68.0,237.5,2900,46874.9
Ahmedabad,Gujarat,Rice,2019,Kharif,1094.0,23.7,Alluvial,57.6,84.7,1815,1967.5
Meerut,Uttar Pradesh,Sugarcane,2013,Zaid,911.7,24.5,Alluvial,72.8,52.9,1800,40000.0
Patiala,Punjab,Sugarcane,2010,Kharif,484.2,24.2,Alluvial,77.5,189.7,1450,40000.0
Jabalpur,Madhya Pradesh,Rice,2015,Kharif,1181.9,28.4,Alluvial,35.1,69.4,1410,2218.0
Lucknow,Uttar Pradesh,Wheat,2023,Rabi,1178.5,25.5,Alluvial,75.6,264.4,2125,1800.0
Jabalpur,Madhya Pradesh,Sugarcane,2019,Kharif,1494.0,28.2,Black,38.1,177.9,2750,48222.6
Meerut,Uttar Pradesh,Rice,2017,Kharif,945.5,21.8,Alluvial,77.6,51.7,1550,1755.0
Raipur,Chhattisgarh,Wheat,2020,Rabi,1610.9,24.9,Red,38.3,260.4,1925,1800.0
Lucknow,Uttar Pradesh,Rice,2013,Kharif,677.1,26.2,Alluvial,57.5,102.2,1310,2135.8
Raipur,Chhattisgarh,Wheat,2012,Rabi,794.9,26.4,Red,45.9,142.6,1285,1800.0
Patiala,Punjab,Sugarcane,2015,Zaid,551.7,24.4,Alluvial,76.8,201.7,2100,40000.0
Krishna,Andhra Pradesh,Rice,2015,Kharif,615.7,28.7,Black,63.3,92.1,1410,1546.0
Jabalpur,Madhya Pradesh,Sugarcane,2012,Zaid,1202.0,28.4,Alluvial,26.4,135.6,1700,40095.7
Hooghly,West Bengal,Sugarcane,2016,Zaid,1888.4,24.8,Laterite,60.0,87.6,2300,40000.0
Karnal,Haryana,Sugarcane,2022,Kharif,382.7,28.0,Desert,88.5,205.2,3050,40000.0
Mysore,Karnataka,Rice,2010,Kharif,1267.6,28.0,Laterite,54.1,277.4,1000,2090.7
Nashik,Maharashtra,Sugarcane,2021,Zaid,1307.8,26.2,Red,26.7,220.2,2900,40000.0
Cuttack,Odisha,Wheat,2010,Rabi,1405.6,28.5,Laterite,49.7,143.8,1100,1800.0
Ludhiana,Punjab,Wheat,2017,Rabi,799.9,21.1,Alluvial,96.5,140.6,1625,2860.3
Mysore,Karnataka,Wheat,2020,Rabi,1482.1,26.9,Laterite,44.8,251.6,1925,1800.0
Patna,Bihar,Rice,2010,Kharif,753.8,28.7,Alluvial,51.0,128.0,1000,1895.3
Hisar,Haryana,Rice,2023,Kharif,594.0,22.6,Desert,61.9,221.9,2183,1500.0
Indore,Madhya Pradesh,Wheat,2019,Rabi,1449.3,29.4,Alluvial,55.1,119.7,1840,1800.0
Jodhpur,Rajasthan,Wheat,2012,Rabi,319.7,30.6,Desert,16.1,135.4,1285,1800.0
Kolhapur,Maharashtra,Rice,2022,Kharif,1480.1,28.5,Red,50.2,271.1,2040,1922.8
Gorakhpur,Uttar Pradesh,Sugarcane,2018,Zaid,867.4,24.5,Alluvial,50.2,66.5,2750,40000.0
Patiala,Punjab,Wheat,2021,Rabi,757.0,25.7,Alluvial,75.1,75.2,1975,2058.3
Amritsar,Punjab,Rice,2016,Kharif,493.2,25.6,Alluvial,91.2,86.3,1470,1989.9
Jaipur,Rajasthan,Sugarcane,2021,Zaid,530.9,26.1,Alluvial,33.8,116.5,2900,40000.0
Meerut,Uttar Pradesh,Rice,2016,Kharif,1027.1,23.5,Alluvial,89.6,200.9,1470,2324.9
Jodhpur,Rajasthan,Rice,2015,Kharif,489.7,25.5,Alluvial,26.2,196.5,1410,1656.3
Belgaum,Karnataka,Wheat,2023,Rabi,599.2,27.1,Red,45.1,188.1,2125,1800.0
Nashik,Maharashtra,Sugarcane,2016,Zaid,1191.0,23.5,Red,51.5,255.9,2300,40000.0
Patna,Bihar,Rice,2018,Kharif,1100.1,27.0,Alluvial,46.2,119.0,1750,2563.4
Jabalpur,Madhya Pradesh,Wheat,2017,Rabi,809.6,29.0,Black,45.7,82.5,1625,1800.0
Amritsar,Punjab,Wheat,2012,Rabi,652.1,23.7,Alluvial,89.9,291.0,1285,2636.0
Cuttack,Odisha,Sugarcane,2019,Kharif,1870.6,25.5,Alluvial,35.1,91.7,2750,40000.0
Nashik,Maharashtra,Rice,2010,Kharif,969.6,26.2,Red,46.1,124.5,1000,1727.4
Thanjavur,Tamil Nadu,Sugarcane,2021,Kharif,958.2,28.5,Laterite,72.5,158.2,2900,40000.0
Coimbatore,Tamil Nadu,Wheat,2012,Rabi,847.6,28.8,Red,54.7,188.0,1285,1800.0
Amritsar,Punjab,Rice,2018,Kharif,597.1,25.6,Alluvial,93.4,249.1,1750,2313.7
Nashik,Maharashtra,Wheat,2018,Rabi,1331.7,25.2,Red,47.1,293.6,1735,1800.0
Warangal,Telangana,Wheat,2015,Rabi,748.0,28.2,Black,49.2,64.5,1450,1800.0
Muzaffarpur,Bihar,Rice,2021,Kharif,1174.6,25.9,Alluvial,41.0,277.8,1940,2662.4
Krishna,Andhra Pradesh,Wheat,2019,Rabi,1134.5,28.1,Black,61.6,290.9,1840,1800.0
Lucknow,Uttar Pradesh,Rice,2013,Kharif,560.8,25.3,Alluvial,60.5,82.9,1310,1879.5
Indore,Madhya Pradesh,Rice,2019,Kharif,1238.4,27.8,Alluvial,39.5,158.9,1815,2372.9
Jodhpur,Rajasthan,Rice,2016,Kharif,75.8,28.8,Alluvial,29.3,192.0,1470,1500.0
Nashik,Maharashtra,Sugarcane,2013,Kharif,1382.0,30.9,Red,48.5,245.1,1800,44436.9
Indore,Madhya Pradesh,Sugarcane,2013,Zaid,1021.1,22.9,Black,36.5,217.9,1800,40000.0
Gorakhpur,Uttar Pradesh,Rice,2016,Kharif,1007.4,26.1,Alluvial,41.9,141.4,1470,2168.2
Hooghly,West Bengal,Sugarcane,2019,Kharif,1984.5,28.3,Alluvial,41.9,295.4,2750,43378.1
Karnal,Haryana,Sugarcane,2021,Kharif,394.6,21.5,Desert,85.1,231.2,2900,40000.0
Patna,Bihar,Wheat,2011,Rabi,1212.4,27.4,Alluvial,57.4,107.6,1120,1800.0
Ludhiana,Punjab,Wheat,2015,Rabi,357.1,24.5,Alluvial,89.0,219.9,1450,2038.7
Lucknow,Uttar Pradesh,Wheat,2015,Rabi,956.3,29.1,Alluvial,59.5,164.6,1450,1800.0
Lucknow,Uttar Pradesh,Rice,2017,Kharif,989.6,26.7,Alluvial,61.0,290.2,1550,2485.8
Patiala,Punjab,Sugarcane,2019,Zaid,358.2,25.2,Alluvial,83.7,198.4,2750,40000.0
Indore,Madhya Pradesh,Wheat,2019,Rabi,819.7,29.4,Black,59.0,180.4,1840,1800.0
Jabalpur,Madhya Pradesh,Rice,2019,Kharif,1555.2,26.1,Black,30.8,164.6,1815,1839.8
Belgaum,Karnataka,Wheat,2015,Rabi,1197.9,29.4,Red,25.2,139.3,1450,1800.0
Muzaffarpur,Bihar,Sugarcane,2020,Kharif,926.1,25.0,Alluvial,56.2,232.2,2850,40000.0
Hisar,Haryana,Sugarcane,2018,Kharif,773.0,24.3,Desert,72.5,88.5,2750,40000.0
Amritsar,Punjab,Sugarcane,2010,Zaid,201.8,29.0,Alluvial,93.3,72.7,1450,40000.0
Patiala,Punjab,Rice,2016,Kharif,326.0,26.5,Alluvial,90.8,112.8,1470,1872.7
Raipur,Chhattisgarh,Wheat,2013,Rabi,1074.9,28.3,Red,29.4,266.7,1350,1800.0
Ahmedabad,Gujarat,Rice,2020,Kharif,316.6,32.2,Alluvial,66.0,86.0,1868,1500.0
Jabalpur,Madhya Pradesh,Sugarcane,2019,Zaid,1447.7,25.3,Black,36.9,174.4,2750,40000.0
Ahmedabad,Gujarat,Rice,2012,Kharif,692.5,28.2,Alluvial,46.8,67.3,1250,1971.9
Hisar,Haryana,Rice,2012,Kharif,415.1,28.4,Desert,53.8,269.0,1250,1500.0
Jaipur,Rajasthan,Sugarcane,2022,Kharif,543.0,21.4,Desert,30.0,154.1,3050,40000.0
Hisar,Haryana,Rice,2019,Kharif,424.3,23.4,Alluvial,57.6,107.6,1815,1500.0
Kolhapur,Maharashtra,Wheat,2012,Rabi,1626.1,28.6,Black,49.0,202.4,1285,1800.0
Hisar,Haryana,Rice,2020,Kharif,419.8,23.9,Desert,72.5,251.7,1868,1500.0
Jaipur,Rajasthan,Wheat,2014,Rabi,224.2,28.4,Alluvial,32.0,186.1,1400,1800.0
Raipur,Chhattisgarh,Wheat,2023,Rabi,1459.2,27.2,Laterite,37.0,140.4,2125,1800.0
Kolhapur,Maharashtra,Rice,2020,Kharif,1065.6,27.5,Black,47.7,93.0,1868,2184.7
Jaipur,Rajasthan,Wheat,2017,Rabi,358.8,28.7,Alluvial,48.2,265.4,1625,1800.0
Raipur,Chhattisgarh,Rice,2022,Kharif,1196.9,26.2,Laterite,49.5,264.1,2040,2122.2
Hooghly,West Bengal,Sugarcane,2022,Kharif,1035.9,28.2,Laterite,39.1,246.6,3050,40000.0
Coimbatore,Tamil Nadu,Rice,2012,Kharif,880.3,29.4,Alluvial,67.6,292.6,1250,2245.9
Karnal,Haryana,Sugarcane,2022,Kharif,539.8,30.2,Desert,80.8,176.2,3050,40000.0
Lucknow,Uttar Pradesh,Rice,2023,Kharif,469.3,28.2,Alluvial,58.3,266.3,2183,1769.3
Karnal,Haryana,Sugarcane,2011,Zaid,500.8,28.8,Desert,83.8,206.2,1450,40000.0
Guntur,Andhra Pradesh,Sugarcane,2012,Kharif,969.5,27.5,Red,54.8,97.9,1700,40000.0
Lucknow,Uttar Pradesh,Rice,2014,Kharif,774.1,29.1,Alluvial,56.7,245.9,1360,2013.0
Guntur,Andhra Pradesh,Rice,2012,Kharif,807.1,28.8,Red,54.3,286.1,1250,1807.3
Indore,Madhya Pradesh,Sugarcane,2016,Zaid,1238.0,28.0,Black,37.5,119.5,2300,43058.3
Muzaffarpur,Bihar,Rice,2018,Kharif,1093.2,26.5,Alluvial,59.4,75.8,1750,2460.1
Warangal,Telangana,Wheat,2018,Rabi,1172.5,29.6,Black,45.1,179.9,1735,1800.0
Patiala,Punjab,Wheat,2011,Rabi,340.3,23.7,Alluvial,80.7,214.2,1120,2361.9
Bardhaman,West Bengal,Sugarcane,2016,Kharif,1436.0,27.1,Laterite,51.5,73.0,2300,40000.0
Mysore,Karnataka,Wheat,2015,Rabi,1480.8,29.3,Black,37.8,117.8,1450,1800.0
Ahmedabad,Gujarat,Rice,2012,Kharif,746.3,28.7,Alluvial,60.6,143.4,1250,1900.8
Ludhiana,Punjab,Rice,2022,Kharif,366.3,25.3,Alluvial,88.1,289.4,2040,1864.9
Nashik,Maharashtra,Wheat,2019,Rabi,909.0,28.4,Red,28.1,52.1,1840,1800.0
Patiala,Punjab,Sugarcane,2014,Kharif,592.0,24.7,Alluvial,91.3,178.2,1900,40000.0
Thanjavur,Tamil Nadu,Rice,2020,Kharif,612.3,29.8,Red,62.3,99.8,1868,1522.6
Belgaum,Karnataka,Sugarcane,2010,Kharif,1021.2,28.8,Black,43.3,201.7,1450,46837.1
Coimbatore,Tamil Nadu,Wheat,2016,Rabi,1122.4,29.5,Laterite,62.3,120.8,1525,1800.0
Patiala,Punjab,Wheat,2015,Rabi,654.3,26.2,Alluvial,85.4,67.1,1450,2067.0
Patna,Bihar,Rice,2015,Kharif,950.9,28.9,Alluvial,66.6,278.8,1410,2534.0
Coimbatore,Tamil Nadu,Sugarcane,2014,Zaid,598.4,29.8,Alluvial,60.7,160.6,1900,40824.3
Hisar,Haryana,Sugarcane,2021,Zaid,428.6,27.4,Alluvial,65.0,100.3,2900,40000.0
Meerut,Uttar Pradesh,Rice,2020,Kharif,1058.6,26.0,Alluvial,72.1,241.1,1868,2623.6
Coimbatore,Tamil Nadu,Rice,2010,Kharif,1446.3,29.1,Red,68.7,230.1,1000,2029.2
Thanjavur,Tamil Nadu,Sugarcane,2013,Kharif,1560.9,26.6,Red,68.9,138.4,1800,42949.2
Jodhpur,Rajasthan,Rice,2016,Kharif,492.4,26.3,Desert,23.2,138.6,1470,1500.0
Meerut,Uttar Pradesh,Rice,2010,Kharif,854.0,24.3,Alluvial,81.1,175.8,1000,2109.9
Indore,Madhya Pradesh,Rice,2019,Kharif,959.2,28.3,Alluvial,53.7,159.8,1815,2325.7
Ahmedabad,Gujarat,Sugarcane,2014,Kharif,938.9,25.7,Desert,57.2,157.4,1900,40000.0
Mysore,Karnataka,Wheat,2014,Rabi,1135.9,30.6,Black,43.5,136.3,1400,1800.0
Muzaffarpur,Bihar,Sugarcane,2023,Zaid,905.1,26.5,Alluvial,40.6,179.8,3150,40000.0
Pune,Maharashtra,Sugarcane,2016,Kharif,717.8,25.9,Black,48.7,193.0,2300,40000.0
Patna,Bihar,Sugarcane,2010,Zaid,1195.3,28.4,Alluvial,55.3,238.4,1450,45784.9
Amritsar,Punjab,Sugarcane,2022,Zaid,506.9,24.1,Alluvial,97.3,224.2,3050,40000.0
Ahmedabad,Gujarat,Rice,2016,Kharif,908.4,26.0,Desert,47.9,241.2,1470,1500.0
Cuttack,Odisha,Rice,2016,Kharif,1310.1,27.4,Red,56.4,218.3,1470,2114.1
Ahmedabad,Gujarat,Rice,2020,Kharif,525.9,30.1,Black,63.3,224.3,1868,1570.9
Ahmedabad,Gujarat,Rice,2015,Kharif,786.7,31.1,Desert,52.1,182.9,1410,1500.0
Thanjavur,Tamil Nadu,Wheat,2018,Rabi,973.0,30.2,Red,70.2,211.9,1735,1800.0
Guntur,Andhra Pradesh,Wheat,2017,Rabi,872.8,29.9,Black,63.6,262.0,1625,1800.0
Krishna,Andhra Pradesh,Rice,2011,Kharif,1286.0,27.8,Alluvial,55.8,285.6,1080,2447.2
Patiala,Punjab,Sugarcane,2012,Zaid,634.5,27.7,Alluvial,89.1,143.6,1700,40000.0
Bardhaman,West Bengal,Wheat,2020,Rabi,1545.0,28.5,Laterite,56.5,171.0,1925,1800.0
Warangal,Telangana,Wheat,2022,Rabi,534.9,30.7,Red,59.5,237.9,2015,1800.0
Cuttack,Odisha,Rice,2012,Kharif,1722.3,29.8,Red,44.7,215.6,1250,1500.0
Lucknow,Uttar Pradesh,Rice,2019,Kharif,939.5,26.6,Alluvial,69.9,213.5,1815,2719.8
Hisar,Haryana,Rice,2015,Kharif,396.9,28.0,Alluvial,67.9,117.7,1410,1678.2
Raipur,Chhattisgarh,Rice,2017,Kharif,1589.5,27.5,Laterite,47.7,176.8,1550,1606.7
Krishna,Andhra Pradesh,Wheat,2011,Rabi,903.6,26.9,Alluvial,66.5,249.1,1120,1800.0
Lucknow,Uttar Pradesh,Rice,2012,Kharif,934.4,27.1,Alluvial,63.1,117.4,1250,2307.0
Cuttack,Odisha,Wheat,2022,Rabi,1711.8,28.2,Laterite,51.5,253.7,2015,1800.0
Jabalpur,Madhya Pradesh,Sugarcane,2015,Zaid,1122.9,25.3,Alluvial,28.8,104.3,2100,40000.0
Indore,Madhya Pradesh,Wheat,2022,Rabi,956.9,27.6,Black,50.8,264.5,2015,1800.0
Jodhpur,Rajasthan,Wheat,2020,Rabi,659.0,28.3,Desert,39.9,256.4,1925,1800.0
Bardhaman,West Bengal,Rice,2015,Kharif,2334.8,25.7,Laterite,50.3,82.5,1410,1500.0
Raipur,Chhattisgarh,Rice,2012,Kharif,1246.6,26.9,Laterite,41.4,108.0,1250,1756.6
Pune,Maharashtra,Wheat,2010,Rabi,1335.4,29.2,Black,53.5,153.7,1100,1800.0
Thanjavur,Tamil Nadu,Rice,2013,Kharif,1530.6,28.4,Laterite,74.5,192.4,1310,1937.7
Bardhaman,West Bengal,Wheat,2011,Rabi,1710.3,24.3,Alluvial,51.7,160.8,1120,1800.0
Indore,Madhya Pradesh,Rice,2019,Kharif,1243.7,30.0,Black,58.7,258.2,1815,2016.5
Indore,Madhya Pradesh,Wheat,2017,Rabi,1599.5,26.5,Black,59.4,67.5,1625,1800.0
Ludhiana,Punjab,Sugarcane,2013,Kharif,617.5,21.8,Alluvial,88.2,216.9,1800,40000.0
Pune,Maharashtra,Wheat,2013,Rabi,1137.3,24.5,Red,50.1,290.2,1350,1800.0
Jaipur,Rajasthan,Wheat,2023,Rabi,432.2,30.9,Desert,36.9,280.3,2125,1800.0
Gorakhpur,Uttar Pradesh,Sugarcane,2015,Zaid,885.2,25.1,Alluvial,42.1,201.7,2100,40000.0
Guntur,Andhra Pradesh,Wheat,2023,Rabi,961.7,32.3,Alluvial,67.2,99.2,2125,1800.0
Jaipur,Rajasthan,Sugarcane,2018,Kharif,309.5,26.1,Desert,45.6,293.3,2750,40000.0
Mysore,Karnataka,Wheat,2023,Rabi,934.7,27.1,Laterite,39.9,217.3,2125,1800.0
Ahmedabad,Gujarat,Sugarcane,2023,Kharif,701.0,31.4,Alluvial,50.7,167.3,3150,40000.0
Muzaffarpur,Bihar,Sugarcane,2014,Zaid,1084.6,27.9,Alluvial,42.0,249.6,1900,41717.6
Gorakhpur,Uttar Pradesh,Rice,2023,Kharif,617.0,23.4,Alluvial,47.6,293.8,2183,1633.1
Karnal,Haryana,Sugarcane,2011,Zaid,436.4,24.2,Alluvial,84.5,190.9,1450,40000.0
Hisar,Haryana,Wheat,2019,Rabi,348.5,25.1,Alluvial,50.1,93.6,1840,1824.1
Ludhiana,Punjab,Sugarcane,2019,Kharif,430.4,26.5,Alluvial,86.5,97.7,2750,40000.0
Coimbatore,Tamil Nadu,Sugarcane,2021,Zaid,676.3,29.7,Laterite,63.5,260.0,2900,40000.0
Patna,Bihar,Wheat,2020,Rabi,464.1,30.6,Alluvial,61.4,189.9,1925,1800.0
Warangal,Telangana,Sugarcane,2018,Kharif,873.9,28.4,Black,51.3,240.6,2750,41143.4
Nashik,Maharashtra,Rice,2010,Kharif,1215.0,29.7,Black,42.4,172.4,1000,1993.3
Karnal,Haryana,Sugarcane,2017,Kharif,385.8,27.7,Alluvial,88.6,96.3,2550,40000.0
Warangal,Telangana,Sugarcane,2022,Zaid,812.9,29.3,Black,54.4,189.7,3050,43532.7
Lucknow,Uttar Pradesh,Wheat,2012,Rabi,1147.6,24.2,Alluvial,69.3,134.4,1285,1800.0
Patna,Bihar,Sugarcane,2023,Kharif,1009.8,28.0,Alluvial,51.6,50.2,3150,40754.7
Coimbatore,Tamil Nadu,Rice,2013,Kharif,604.2,28.3,Red,63.9,99.9,1310,1511.1
Gorakhpur,Uttar Pradesh,Wheat,2020,Rabi,768.8,24.5,Alluvial,62.7,167.0,1925,2110.2
Jodhpur,Rajasthan,Rice,2016,Kharif,50.0,26.5,Desert,32.6,283.8,1470,1500.0
Pune,Maharashtra,Wheat,2011,Rabi,990.2,24.8,Red,35.7,217.5,1120,1800.0
Hooghly,West Bengal,Sugarcane,2014,Kharif,1172.3,28.7,Alluvial,46.0,259.8,1900,44595.8
Patiala,Punjab,Sugarcane,2011,Zaid,481.6,24.8,Alluvial,87.2,120.3,1450,40000.0
Ludhiana,Punjab,Sugarcane,2017,Zaid,721.5,22.5,Alluvial,82.3,243.2,2550,40000.0
Ahmedabad,Gujarat,Rice,2014,Kharif,441.4,25.4,Black,65.7,181.2,1360,1620.5
Patiala,Punjab,Sugarcane,2020,Zaid,610.6,24.5,Alluvial,80.3,202.9,2850,40000.0
Lucknow,Uttar Pradesh,Wheat,2015,Rabi,722.2,27.9,Alluvial,62.0,290.8,1450,1800.0
Krishna,Andhra Pradesh,Rice,2013,Kharif,645.3,26.6,Alluvial,71.2,72.2,1310,2207.6
Ludhiana,Punjab,Sugarcane,2021,Zaid,541.0,25.8,Alluvial,83.6,91.2,2900,40000.0
Jaipur,Rajasthan,Sugarcane,2017,Kharif,391.7,29.5,Alluvial,34.7,51.3,2550,40000.0
Patna,Bihar,Wheat,2013,Rabi,1216.7,29.7,Alluvial,67.6,254.4,1350,1800.0
Guntur,Andhra Pradesh,Rice,2012,Kharif,1127.9,26.8,Red,62.9,264.0,1250,2231.2
Hooghly,West Bengal,Sugarcane,2013,Kharif,1411.5,27.0,Laterite,39.8,96.2,1800,40000.0
Jodhpur,Rajasthan,Rice,2013,Kharif,452.9,26.3,Desert,17.9,220.5,1310,1500.0
Pune,Maharashtra,Sugarcane,2023,Kharif,1519.0,27.2,Red,35.4,53.8,3150,40000.0
Mysore,Karnataka,Sugarcane,2015,Zaid,1334.4,28.0,Black,44.0,285.7,2100,47045.7
Bardhaman,West Bengal,Rice,2014,Kharif,1380.5,27.1,Laterite,45.4,66.8,1360,1783.8
Ludhiana,Punjab,Sugarcane,2023,Kharif,435.8,24.2,Alluvial,83.1,192.0,3150,40000.0
Ahmedabad,Gujarat,Rice,2015,Kharif,1142.0,27.1,Desert,69.2,157.8,1410,1724.5
Jabalpur,Madhya Pradesh,Sugarcane,2013,Kharif,934.2,30.7,Alluvial,49.7,193.6,1800,41440.0
Muzaffarpur,Bihar,Wheat,2019,Rabi,1207.4,27.8,Alluvial,46.9,137.7,1840,1800.0
Kolhapur,Maharashtra,Rice,2010,Kharif,785.5,27.4,Red,41.7,170.5,1000,1829.6
Pune,Maharashtra,Wheat,2017,Rabi,1369.6,27.9,Black,49.5,118.9,1625,1800.0
Warangal,Telangana,Wheat,2014,Rabi,997.6,28.7,Black,55.0,284.3,1400,1800.0
Lucknow,Uttar Pradesh,Wheat,2020,Rabi,932.1,26.1,Alluvial,69.1,228.7,1925,1800.0
Hooghly,West Bengal,Sugarcane,2012,Kharif,1653.9,28.2,Alluvial,51.2,107.9,1700,48066.8
Cuttack,Odisha,Rice,2022,Kharif,988.5,26.4,Red,46.1,237.5,2040,1979.3
Pune,Maharashtra,Rice,2023,Kharif,1068.0,26.3,Red,52.7,89.1,2183,1847.6
Nashik,Maharashtra,Wheat,2012,Rabi,1205.0,23.8,Black,32.9,128.3,1285,1800.0
Meerut,Uttar Pradesh,Sugarcane,2016,Zaid,670.1,24.0,Alluvial,71.8,128.7,2300,40000.0
Mysore,Karnataka,Rice,2016,Kharif,1348.0,28.5,Red,46.5,52.0,1470,1850.4
Ahmedabad,Gujarat,Wheat,2021,Rabi,983.1,27.5,Alluvial,66.1,171.0,1975,1800.0
Hisar,Haryana,Wheat,2013,Rabi,543.9,24.3,Alluvial,56.8,51.6,1350,2301.8
Karnal,Haryana,Sugarcane,2013,Kharif,387.7,28.6,Desert,92.3,160.1,1800,40000.0
